emp_id,emp_name,dept_id,salary,age
1,Alice,101,45000,25
2,Bob,102,55000,30
3,Charlie,101,47000,28
4,David,103,60000,35
5,Eve,101,50000,27
6,Frank,104,65000,32
7,Grace,102,54000,29
8,Hank,103,62000,36
9,Ivy,101,48000,26
10,Jack,104,67000,33
11,Karen,102,51000,31
12,Liam,103,63000,34
13,Mia,101,46000,25
14,Noah,104,68000,37
15,Olivia,102,53000,28
16,Paul,103,61000,32
17,Quincy,101,49000,27
18,Ruth,104,66000,35
19,Sam,102,52000,30
20,Tina,101,47000,26
21,Uma,103,60000,33
22,Victor,104,67000,36
23,Wendy,102,55000,31
24,Xander,101,48000,28
25,Yara,103,62000,35
26,Zane,104,69000,37
27,Aaron,101,46000,26
28,Bella,102,54000,29
29,Carl,103,61000,32
30,Diana,104,65000,34
31,Ethan,101,47000,27
32,Fiona,102,53000,30
33,George,103,62000,33
34,Holly,104,67000,36
35,Isaac,101,45000,25
36,Jade,102,54000,29
37,Kyle,103,60000,32
38,Lily,104,66000,35
39,Mark,101,48000,27
40,Nina,102,53000,30
41,Omar,103,61000,33
42,Penny,104,68000,37
43,Quinn,101,46000,26
44,Ralph,102,52000,29
45,Sophia,103,60000,32
46,Tom,104,64000,35
47,Ursula,101,47000,28
48,Vince,102,53000,31
49,Will,103,63000,33
50,Xena,104,69000,36
51,Yuri,101,46000,25
52,Zara,102,54000,30
53,Andy,103,61000,34
54,Beth,104,66000,36
55,Cody,101,48000,27
56,Dana,102,55000,31
57,Eric,103,62000,33
58,Faye,104,64000,35
59,Gina,101,46000,26
60,Hugo,102,53000,30
61,Iris,103,60000,32
62,Jake,104,65000,36
63,Ken,101,48000,28
64,Laura,102,52000,31
65,Max,103,63000,34
66,Nora,104,67000,35
67,Oscar,101,47000,26
68,Paula,102,54000,29
69,Rick,103,61000,32
70,Sara,104,68000,37
71,Toby,101,45000,25
72,Ulla,102,55000,30
73,Victor,103,63000,33
74,Walt,104,69000,36
75,Xander,101,47000,27
76,Yvette,102,53000,29
77,Zeke,103,60000,32
78,Alan,104,65000,34
79,Britt,101,48000,26
80,Carl,102,51000,30
81,Dina,103,62000,33
82,Elon,104,66000,35
83,Fred,101,46000,25
84,Gail,102,54000,29
85,Hank,103,60000,32
86,Ivy,104,64000,36
87,John,101,47000,28
88,Kara,102,53000,31
89,Luke,103,61000,33
90,Mona,104,68000,37
91,Nick,101,46000,26
92,Olga,102,55000,30
93,Pete,103,62000,34
94,Quinn,104,67000,36
95,Rosa,101,45000,25
96,Sam,102,54000,29
97,Tom,103,60000,32
98,Uma,104,66000,35
99,Vera,101,48000,27
100,Wade,102,53000,31
101,Thiru,105,8000,54
102,John Doe,1,55000,28
103,Jane Smith,2,62000,32
104,Sam Johnson,1,58000,27
105,Chris Lee,3,72000,45
106,Anna Brown,2,50000,24
107,Tom Harris,1,54000,29
108,Nancy White,4,68000,38
109,Steve Black,3,75000,41
110,Sara Green,2,53000,30
111,Michael Blue,4,64000,36
